Workbook

Sheet Resumen Ejecutivo
B2: INFORME EJECUTIVO DE ESTADO Y SEGURIDAD DEL KERNEL
B3: Consolidado de Auditoría de Sistemas Linux/UNIX | Hospital de la Santa Creu i Sant Pau
B5: TOTAL AUDITADOS | D5: PRODUCCIÓN | F5: DESARROLLO | H5: REINICIOS PENDIENTES | J5: PARCHES EN REPO | L5: NO ALCANZABLES
B6: 222 | D6: 175 | F6: 47 | H6: 28 | J6: 42 | L6: 29
B9: 1. Estado Operativo del Kernel por Entorno
B10: Entorno | C10: Total Servidores | D10: Al Día (OK) | E10: Parche Pendiente | F10: Reinicio Pendiente | G10: No Alcanzable / Error | H10: % Cumplimiento
B11: Producción | C11: =COUNTIF('Inventario General (222)'!B2:B223, "Produccion") | D11: =COUNTIFS('Inventario General (222)'!B2:B223, "Produccion", 'Inventario General (222)'!E2:E223, "NO", 'Inventario General (222)'!F2:F223, "NO", 'Inventario General (222)'!C2:C223, "<>No Alcanzable / Error") | E11: =COUNTIFS('Inventario General (222)'!B2:B223, "Produccion", 'Inventario General (222)'!E2:E223, "SI") | F11: =COUNTIFS('Inventario General (222)'!B2:B223, "Produccion", 'Inventario General (222)'!F2:F223, "SI") | G11: =COUNTIFS('Inventario General (222)'!B2:B223, "Produccion", 'Inventario General (222)'!C2:C223, "No Alcanzable / Error") | H11: =D11/C11
B12: Desarrollo | C12: =COUNTIF('Inventario General (222)'!B2:B223, "Desarrollo") | D12: =COUNTIFS('Inventario General (222)'!B2:B223, "Desarrollo", 'Inventario General (222)'!E2:E223, "NO", 'Inventario General (222)'!F2:F223, "NO", 'Inventario General (222)'!C2:C223, "<>No Alcanzable / Error") | E12: =COUNTIFS('Inventario General (222)'!B2:B223, "Desarrollo", 'Inventario General (222)'!E2:E223, "SI") | F12: =COUNTIFS('Inventario General (222)'!B2:B223, "Desarrollo", 'Inventario General (222)'!F2:F223, "SI") | G12: =COUNTIFS('Inventario General (222)'!B2:B223, "Desarrollo", 'Inventario General (222)'!C2:C223, "No Alcanzable / Error") | H12: =D12/C12
B13: Total General | C13: =SUM(C11:C12) | D13: =SUM(D11:D12) | E13: =SUM(E11:E12) | F13: =SUM(F11:F12) | G13: =SUM(G11:G12) | H13: =D13/C13
B15: 2. Inventario y Vulnerabilidad por Familia de Sistema Operativo
B16: Familia de Sistema Operativo | C16: Total Servidores | D16: Producción | E16: Desarrollo | F16: Parches Pendientes | G16: Reinicios Pendientes | H16: Estado Soporte / Ciclo de Vida
B17: SUSE Linux Enterprise (SLES 15/12/11) | C17: =COUNTIF('Inventario General (222)'!H2:H223, "SUSE Linux Enterprise (SLES)") | D17: =COUNTIFS('Inventario General (222)'!H2:H223, "SUSE Linux Enterprise (SLES)", 'Inventario General (222)'!B2:B223, "Produccion") | E17: =COUNTIFS('Inventario General (222)'!H2:H223, "SUSE Linux Enterprise (SLES)", 'Inventario General (222)'!B2:B223, "Desarrollo") | F17: =COUNTIFS('Inventario General (222)'!H2:H223, "SUSE Linux Enterprise (SLES)", 'Inventario General (222)'!E2:E223, "SI") | G17: =COUNTIFS('Inventario General (222)'!H2:H223, "SUSE Linux Enterprise (SLES)", 'Inventario General (222)'!F2:F223, "SI") | H17: Mayoría SLES 15 (Soportado) / SLES 12 LTSS
B18: Ubuntu Linux (22.04 / 20.04 / 16.04 / Legacy) | C18: =COUNTIF('Inventario General (222)'!H2:H223, "Ubuntu Linux") | D18: =COUNTIFS('Inventario General (222)'!H2:H223, "Ubuntu Linux", 'Inventario General (222)'!B2:B223, "Produccion") | E18: =COUNTIFS('Inventario General (222)'!H2:H223, "Ubuntu Linux", 'Inventario General (222)'!B2:B223, "Desarrollo") | F18: =COUNTIFS('Inventario General (222)'!H2:H223, "Ubuntu Linux", 'Inventario General (222)'!E2:E223, "SI") | G18: =COUNTIFS('Inventario General (222)'!H2:H223, "Ubuntu Linux", 'Inventario General (222)'!F2:F223, "SI") | H18: Alta tasa de reinicios pendientes (15 en 22.04)
B19: CentOS Linux (7.9 / 7.8 / 7.7 / 7.6 / 7.2) | C19: =COUNTIF('Inventario General (222)'!H2:H223, "CentOS Linux") | D19: =COUNTIFS('Inventario General (222)'!H2:H223, "CentOS Linux", 'Inventario General (222)'!B2:B223, "Produccion") | E19: =COUNTIFS('Inventario General (222)'!H2:H223, "CentOS Linux", 'Inventario General (222)'!B2:B223, "Desarrollo") | F19: =COUNTIFS('Inventario General (222)'!H2:H223, "CentOS Linux", 'Inventario General (222)'!E2:E223, "SI") | G19: =COUNTIFS('Inventario General (222)'!H2:H223, "CentOS Linux", 'Inventario General (222)'!F2:F223, "SI") | H19: EOL (Fin de ciclo de vida estándar)
B20: Debian GNU/Linux (12 / 10 / 8) | C20: =COUNTIF('Inventario General (222)'!H2:H223, "Debian GNU/Linux") | D20: =COUNTIFS('Inventario General (222)'!H2:H223, "Debian GNU/Linux", 'Inventario General (222)'!B2:B223, "Produccion") | E20: =COUNTIFS('Inventario General (222)'!H2:H223, "Debian GNU/Linux", 'Inventario General (222)'!B2:B223, "Desarrollo") | F20: =COUNTIFS('Inventario General (222)'!H2:H223, "Debian GNU/Linux", 'Inventario General (222)'!E2:E223, "SI") | G20: =COUNTIFS('Inventario General (222)'!H2:H223, "Debian GNU/Linux", 'Inventario General (222)'!F2:F223, "SI") | H20: Debian 12 Activo / Debian 10/8 EOL
B21: Oracle Linux (8.7 / 8.4) | C21: =COUNTIF('Inventario General (222)'!H2:H223, "Oracle Linux") | D21: =COUNTIFS('Inventario General (222)'!H2:H223, "Oracle Linux", 'Inventario General (222)'!B2:B223, "Produccion") | E21: =COUNTIFS('Inventario General (222)'!H2:H223, "Oracle Linux", 'Inventario General (222)'!B2:B223, "Desarrollo") | F21: =COUNTIFS('Inventario General (222)'!H2:H223, "Oracle Linux", 'Inventario General (222)'!E2:E223, "SI") | G21: =COUNTIFS('Inventario General (222)'!H2:H223, "Oracle Linux", 'Inventario General (222)'!F2:F223, "SI") | H21: Soportado (Kernel UEK) / 3 reinicios pendientes
B22: Red Hat Enterprise Linux / Rocky Linux | C22: =(COUNTIF('Inventario General (222)'!H2:H223, "Red Hat Enterprise Linux") + COUNTIF('Inventario General (222)'!H2:H223, "Rocky Linux")) | D22: =(COUNTIFS('Inventario General (222)'!H2:H223, "Red Hat Enterprise Linux", 'Inventario General (222)'!B2:B223, "Produccion") + COUNTIFS('Inventario General (222)'!H2:H223, "Rocky Linux", 'Inventario General (222)'!B2:B223, "Produccion")) | E22: =(COUNTIFS('Inventario General (222)'!H2:H223, "Red Hat Enterprise Linux", 'Inventario General (222)'!B2:B223, "Desarrollo") + COUNTIFS('Inventario General (222)'!H2:H223, "Rocky Linux", 'Inventario General (222)'!B2:B223, "Desarrollo")) | F22: =(COUNTIFS('Inventario General (222)'!H2:H223, "Red Hat Enterprise Linux", 'Inventario General (222)'!E2:E223, "SI") + COUNTIFS('Inventario General (222)'!H2:H223, "Rocky Linux", 'Inventario General (222)'!E2:E223, "SI")) | G22: =(COUNTIFS('Inventario General (222)'!H2:H223, "Red Hat Enterprise Linux", 'Inventario General (222)'!F2:F223, "SI") + COUNTIFS('Inventario General (222)'!H2:H223, "Rocky Linux", 'Inventario General (222)'!F2:F223, "SI")) | H22: RHEL 7.2 (Legacy) / Rocky 9.x (Soportado)
B23: No Alcanzable / Error Conexión | C23: =COUNTIF('Inventario General (222)'!H2:H223, "No Alcanzable / Error Conexión") | D23: =COUNTIFS('Inventario General (222)'!H2:H223, "No Alcanzable / Error Conexión", 'Inventario General (222)'!B2:B223, "Produccion") | E23: =COUNTIFS('Inventario General (222)'!H2:H223, "No Alcanzable / Error Conexión", 'Inventario General (222)'!B2:B223, "Desarrollo") | F23: 0 | G23: 0 | H23: Requiere revisión SSH / Credenciales / Red
B24: Total General | C24: =SUM(C17:C23) | D24: =SUM(D17:D23) | E24: =SUM(E17:E23) | F24: =SUM(F17:F23) | G24: =SUM(G17:G23) | H24: -

Sheet Inventario General (222)
A1: Servidor | B1: Entorno | C1: Distro SO | D1: Kernel Activo RAM | E1: Parche Disponible Repo | F1: Reinicio Pendiente | G1: Diagnostico Operativo | H1: Familia SO
A2: APP-NNN | B2: Produccion | C2: SLES 15 SP5 | D2: 5.14.21-150500.55.59-default | E2: NO | F2: NO | G2: Al Día | H2: SUSE Linux Enterprise (SLES)
A3: BBDDSPAUA01 | B3: Produccion | C3: SLES 15 SP5 | D3: 5.14.21-150500.55.59-default | E3: NO | F3: NO | G3: Al Día | H3: SUSE Linux Enterprise (SLES)
A4: DWH01 | B4: Produccion | C4: SLES 15 SP4 | D4: 5.14.21-150400.24.38-default | E4: NO | F4: NO | G4: Al Día | H4: SUSE Linux Enterprise (SLES)
A5: DWH02 | B5: Produccion | C5: SLES 15 SP4 | D5: 5.14.21-150400.24.38-default | E5: NO | F5: NO | G5: Al Día | H5: SUSE Linux Enterprise (SLES)
A6: ETCCONS01 | B6: Produccion | C6: SLES 15 SP4 | D6: 5.14.21-150400.24.38-default | E6: NO | F6: NO | G6: Al Día | H6: SUSE Linux Enterprise (SLES)
A7: EXHSP-PROXY-PASS | B7: Produccion | C7: SLES 15 SP2 | D7: 5.3.18-24.86-default | E7: NO | F7: NO | G7: Al Día | H7: SUSE Linux Enterprise (SLES)
A8: EXHSP-PROXY-PASS-INT | B8: Produccion | C8: SLES 15 SP2 | D8: 5.3.18-24.83-default | E8: NO | F8: NO | G8: Al Día | H8: SUSE Linux Enterprise (SLES)
A9: EXHSP-PROXY-PASS-INT_CLONE | B9: Produccion | C9: No Alcanzable / Error | D9: - | E9: NO | F9: NO | G9: No Alcanzable / Error | H9: No Alcanzable / Error Conexión
A10: FAMAAFM02 | B10: Produccion | C10: SLES 15 SP4 | D10: 5.14.21-150400.24.38-default | E10: NO | F10: NO | G10: Al Día | H10: SUSE Linux Enterprise (SLES)
A11: FTP01 | B11: Produccion | C11: SLES 15 SP7 | D11: 6.4.0-150700.53.6-default | E11: NO | F11: NO | G11: Al Día | H11: SUSE Linux Enterprise (SLES)
A12: GEFACT02 | B12: Produccion | C12: SLES 15 SP3 | D12: 5.3.18-150300.59.49-default | E12: NO | F12: NO | G12: Al Día | H12: SUSE Linux Enterprise (SLES)
... A223: GESTPRJ01DES | B223: Desarrollo | C223: RedHat 7.2 | D223: 3.10.0-327.el7.x86_64 | E223: NO | F223: NO | G223: Al Día | H223: Red Hat Enterprise Linux

Sheet Reinicios Pendientes (28)
A1: Servidor | B1: Entorno | C1: Distro SO | D1: Kernel Activo RAM | E1: Parche Disponible Repo | F1: Reinicio Pendiente | G1: Diagnostico Operativo | H1: Familia SO
A2: HSPEIWSTEST.82 | B2: Desarrollo | C2: OracleLinux 8.7 | D2: 5.15.0-3.60.5.1.el8uek.x86_64 | E2: NO | F2: SI | G2: Reinicio Pendiente | H2: Oracle Linux
A3: SAU01DES | B3: Desarrollo | C3: Ubuntu 20.04 | D3: 5.4.0-152-generic | E3: SI | F3: SI | G3: Reinicio Pendiente | H3: Ubuntu Linux
A4: WEBAPPS01 | B4: Desarrollo | C4: Ubuntu 20.04 | D4: 5.4.0-152-generic | E4: SI | F4: SI | G4: Reinicio Pendiente | H4: Ubuntu Linux
A5: WEBAPPS01DES | B5: Desarrollo | C5: Ubuntu 20.04 | D5: 5.4.0-152-generic | E5: SI | F5: SI | G5: Reinicio Pendiente | H5: Ubuntu Linux
A6: DLAB01 | B6: Desarrollo | C6: Ubuntu 22.04 | D6: 5.15.0-174-generic | E6: NO | F6: SI | G6: Reinicio Pendiente | H6: Ubuntu Linux
A7: KABISOFT02 | B7: Desarrollo | C7: Ubuntu 22.04 | D7: 5.15.0-181-generic | E7: SI | F7: SI | G7: Reinicio Pendiente | H7: Ubuntu Linux
A8: TARIF04 | B8: Produccion | C8: CentOS 7.9 | D8: 3.10.0-1160.88.1.el7.x86_64 | E8: NO | F8: SI | G8: Reinicio Pendiente | H8: CentOS Linux
A9: IRWEBDB01 | B9: Produccion | C9: Debian 12 | D9: 6.1.0-18-amd64 | E9: NO | F9: SI | G9: Reinicio Pendiente | H9: Debian GNU/Linux
A10: IRWEBFRONT01 | B10: Produccion | C10: Debian 12.15 | D10: 6.1.0-18-amd64 | E10: NO | F10: SI | G10: Reinicio Pendiente | H10: Debian GNU/Linux
A11: HSPEIBI01 | B11: Produccion | C11: OracleLinux 8.4 | D11: 5.4.17-2102.203.6.el8uek.x86_64 | E11: SI | F11: SI | G11: Reinicio Pendiente | H11: Oracle Linux
A12: HSPEIXERO02.82 | B12: Produccion | C12: OracleLinux 8.7 | D12: 5.15.0-3.60.5.1.el8uek.x86_64 | E12: NO | F12: SI | G12: Reinicio Pendiente | H12: Oracle Linux
... A29: bastion01 | B29: Produccion | C29: Ubuntu 22.04 | D29: 5.15.0-97-generic | E29: NO | F29: SI | G29: Reinicio Pendiente | H29: Ubuntu Linux

Sheet Parches Disponibles (42)
A1: Servidor | B1: Entorno | C1: Distro SO | D1: Kernel Activo RAM | E1: Parche Disponible Repo | F1: Reinicio Pendiente | G1: Diagnostico Operativo | H1: Familia SO
A2: GOTA04DES_restore | B2: Desarrollo | C2: SLES 15 SP3 | D2: 5.3.18-150300.59.49-default | E2: SI | F2: NO | G2: Parche Disponible | H2: SUSE Linux Enterprise (SLES)
A3: SETAPP01DES | B3: Desarrollo | C3: SLES 15 SP3 | D3: 5.3.18-150300.59.49-default | E3: SI | F3: NO | G3: Parche Disponible | H3: SUSE Linux Enterprise (SLES)
A4: INTRANETHSP03DES | B4: Desarrollo | C4: SLES 15 SP7 | D4: 6.4.0-150600.23.30-default | E4: SI | F4: NO | G4: Parche Disponible | H4: SUSE Linux Enterprise (SLES)
A5: MOVISALUD01DES | B5: Desarrollo | C5: SLES 15 SP7 | D5: 6.4.0-150700.53.19-default | E5: SI | F5: NO | G5: Parche Disponible | H5: SUSE Linux Enterprise (SLES)
A6: OMIQ01DES | B6: Desarrollo | C6: SLES 15 SP7 | D6: 6.4.0-150700.53.22-default | E6: SI | F6: NO | G6: Parche Disponible | H6: SUSE Linux Enterprise (SLES)
A7: OMIQ01SQLDES | B7: Desarrollo | C7: SLES 15 SP7 | D7: 6.4.0-150700.53.19-default | E7: SI | F7: NO | G7: Parche Disponible | H7: SUSE Linux Enterprise (SLES)
A8: PID01 | B8: Desarrollo | C8: SLES 15 SP7 | D8: 6.4.0-150700.53.11-default | E8: SI | F8: NO | G8: Parche Disponible | H8: SUSE Linux Enterprise (SLES)
A9: PIDDB | B9: Desarrollo | C9: SLES 15 SP7 | D9: 6.4.0-150700.53.11-default | E9: SI | F9: NO | G9: Parche Disponible | H9: SUSE Linux Enterprise (SLES)
A10: PROMISEDLAND01 | B10: Desarrollo | C10: SLES 15 SP7 | D10: 6.4.0-150700.53.40-default | E10: SI | F10: NO | G10: Parche Disponible | H10: SUSE Linux Enterprise (SLES)
A11: DOKUFLEX01TEST | B11: Desarrollo | C11: Ubuntu 16.04 | D11: 4.4.0-210-generic | E11: SI | F11: NO | G11: Parche Disponible | H11: Ubuntu Linux
A12: SAU01DES | B12: Desarrollo | C12: Ubuntu 20.04 | D12: 5.4.0-152-generic | E12: SI | F12: SI | G12: Reinicio Pendiente | H12: Ubuntu Linux
... A43: MOODLE | B43: Produccion | C43: Ubuntu 22.04 | D43: 5.15.0-122-generic | E43: SI | F43: SI | G43: Reinicio Pendiente | H43: Ubuntu Linux

Sheet No Alcanzables (29)
A1: Servidor | B1: Entorno | C1: Distro SO | D1: Kernel Activo RAM | E1: Parche Disponible Repo | F1: Reinicio Pendiente | G1: Diagnostico Operativo | H1: Familia SO
A2: APPINFURG01DES | B2: Desarrollo | C2: No Alcanzable / Error | D2: - | E2: NO | F2: NO | G2: No Alcanzable / Error | H2: No Alcanzable / Error Conexión
A3: DEVELOPMENT03 | B3: Desarrollo | C3: No Alcanzable / Error | D3: - | E3: NO | F3: NO | G3: No Alcanzable / Error | H3: No Alcanzable / Error Conexión
A4: HSPEIDBTEST.82 | B4: Desarrollo | C4: No Alcanzable / Error | D4: - | E4: NO | F4: NO | G4: No Alcanzable / Error | H4: No Alcanzable / Error Conexión
A5: INTRAHSP03DES | B5: Desarrollo | C5: No Alcanzable / Error | D5: - | E5: NO | F5: NO | G5: No Alcanzable / Error | H5: No Alcanzable / Error Conexión
A6: WEBPUB05DES | B6: Desarrollo | C6: No Alcanzable / Error | D6: - | E6: NO | F6: NO | G6: No Alcanzable / Error | H6: No Alcanzable / Error Conexión
A7: ACUNTIA03 | B7: Produccion | C7: No Alcanzable / Error | D7: - | E7: NO | F7: NO | G7: No Alcanzable / Error | H7: No Alcanzable / Error Conexión
A8: ALINITY02 | B8: Produccion | C8: No Alcanzable / Error | D8: - | E8: NO | F8: NO | G8: No Alcanzable / Error | H8: No Alcanzable / Error Conexión
A9: APPINFURG01 | B9: Produccion | C9: No Alcanzable / Error | D9: - | E9: NO | F9: NO | G9: No Alcanzable / Error | H9: No Alcanzable / Error Conexión
A10: AWSGATEWAY | B10: Produccion | C10: No Alcanzable / Error | D10: - | E10: NO | F10: NO | G10: No Alcanzable / Error | H10: No Alcanzable / Error Conexión
A11: Auckland | B11: Produccion | C11: No Alcanzable / Error | D11: - | E11: NO | F11: NO | G11: No Alcanzable / Error | H11: No Alcanzable / Error Conexión
A12: Barcelones | B12: Produccion | C12: No Alcanzable / Error | D12: - | E12: NO | F12: NO | G12: No Alcanzable / Error | H12: No Alcanzable / Error Conexión
... A30: XSOAROTPALOALTO | B30: Produccion | C30: No Alcanzable / Error | D30: - | E30: NO | F30: NO | G30: No Alcanzable / Error | H30: No Alcanzable / Error Conexión
